n_paths,remaining_maturity,mc_seed,mae,max_abs_error,mre_itm,mean_mc_standard_error,max_mc_standard_error,mc_time_sec,series_benchmark_time_sec
5000,0.5,20301201,0.24232652902514873,0.953789867773267,0.008047582143230161,0.3330061518266863,0.6456096392403695,0.01419058395549655,0.027527333004400134
5000,1.0,20301202,0.4088269141938573,1.997570076478695,0.010505517927044343,0.4871217663710489,0.9293352029760883,0.014462916064076126,0.03263795794919133
5000,1.5,20301203,0.5641373950178792,2.9055506538227434,0.013514286030452785,0.6130942195787616,1.1544064258441753,0.01528012496419251,0.03678512491751462
5000,2.0,20301204,0.492269257135892,1.6685860548855942,0.011001195252533014,0.7282382601205795,1.320182417239489,0.0161714170826599,0.041192208067514
5000,2.5,20301205,0.6901036929690103,3.3097934437010963,0.015361641059495527,0.8369519191573283,1.5127037841380369,0.017069790977984667,0.04539070907048881
5000,3.0,20301206,0.6693852593131417,3.028660112204136,0.012338488198846819,0.9374499206571035,1.678223662344238,0.017935583950020373,0.05005137494299561
