maturity,n_int,n_bd,sigma_f,ell_t,ell_x,log_sigma_f,log_ell_t,log_ell_x,initial_sigma_f,fixed_sigma_f,initial_ell_t,initial_ell_x,objective_value,success,nit,nfev
0.5,1000,1000,1.0,0.5100827536982129,0.2277155133426113,,-0.6731823042734864,-1.479658177611308,100.0,1.0,0.8,1.2,0.030827691413203816,True,26,51
1.0,1000,1000,1.0,0.9345014631452732,0.234853596285911,,-0.0677420863892186,-1.4487929535077444,100.0,1.0,0.8,1.2,0.03542026884842204,True,41,78
1.5,1000,1000,1.0,0.7876625814235781,0.21616570757582776,,-0.23868547698938541,-1.5317100007154902,100.0,1.0,0.8,1.2,0.0371367859562475,True,34,65
2.0,1000,1000,1.0,0.7395500098115286,0.27457936806729083,,-0.30171337259786796,-1.2925149229673958,100.0,1.0,0.8,1.2,0.037837637116990556,True,30,58
2.5,1000,1000,1.0,0.9550274635653949,0.217897574835577,,-0.046015181254801,-1.5237301668063163,100.0,1.0,0.8,1.2,0.032935592558206814,True,52,92
3.0,1000,1000,1.0,1.2699903767179905,0.24494003071857354,,0.23900932305438227,-1.4067418709763575,100.0,1.0,0.8,1.2,0.0199961244561817,True,41,75
