m,d,n_terminal,n_lower,n_upper,n_maturities,n_validation_spots,mae,max_abs_error,mre_itm,mean_posterior_std,max_posterior_std,optimization_time_sec,final_fit_time_sec,pricing_time_sec,posterior_std_time_sec,benchmark_time_sec,total_time_sec,tuning_success_count,tuning_failure_count,mean_objective_value,max_objective_value
200,200,68,66,66,6,51,0.1696061591853701,1.6484489245354366,0.005130356962425714,0.0038282639109401715,0.024331311733354406,2.0440342909423634,0.016747000976465642,0.0011720849433913827,0.005281418038066477,0.00046299904352054,2.0676977939438075,6,0,0.639425062307628,1.7549357419841782
400,400,134,133,133,6,51,0.06306764971789942,0.2005550127991711,0.0021681826057800063,0.00382112561835535,0.09321976748907972,10.403865541040432,0.07265254302183166,0.0019700819393619895,0.019299999927170575,0.0005454979836940765,10.49833366391249,6,0,0.04931197431601233,0.07925132508448274
600,600,200,200,200,6,51,0.03540625287016202,0.13067144713355106,0.001156546908006419,0.0023962987788487817,0.008492862113374028,29.02428129297914,0.17148995696334168,0.002830208046361804,0.04686520789982751,0.0006285410490818322,29.246095206937753,6,0,0.03787291203153681,0.06626176134089229
800,800,268,266,266,6,51,0.020522662980766937,0.09125679233275719,0.0006457183153880025,0.0019810746163338054,0.006589379403078863,47.15336141793523,0.38357221003388986,0.003629501909017563,0.11085816699778661,0.0005940819391980767,47.65201537881512,6,0,0.04537130746840281,0.1141142431005818
